,statistic,pvalue,stationary,n_obs
US_3m,-68.93289074775308,0.0,True,5284
US_6m,-53.49768918894142,0.0,True,5284
US_1y,-59.377974944350356,0.0,True,5284
US_3y,-54.99663793847809,0.0,True,5284
US_5y,-55.16187111612995,0.0,True,5284
US_10y,-54.51049494909096,0.0,True,5284
