,statistic,pvalue,stationary,n_obs
US_3m,-7.170824733602031,2.8075443427481153e-10,True,5069
US_6m,-3.752358682081341,0.003434139106202462,True,5084
US_1y,-2.764391446668298,0.063542968755486,False,5084
US_3y,-2.977381123935978,0.03706139304748543,True,5084
US_5y,-3.2976077160376254,0.01498574889910069,True,5084
US_10y,-3.7601636173650976,0.0033422261346633727,True,5084
