,statistic,pvalue,stationary,n_obs
US_3m,-20.825818018769304,0.0,True,5300
US_6m,-15.479829124300757,2.564839092132311e-28,True,5315
US_1y,-11.077958738882279,4.3839134627409865e-20,True,5315
US_3y,-11.946167535390336,4.4251090005952735e-22,True,5315
US_5y,-12.072743043040239,2.3274174023367973e-22,True,5315
US_10y,-12.369942817832289,5.309172189432706e-23,True,5315
