,statistic,pvalue,stationary,n_obs
US_3m,-71.24007837425772,0.0,True,5242
US_6m,-55.42470790594403,0.0,True,5242
US_1y,-59.35698333524151,0.0,True,5242
US_3y,-57.16087735575374,0.0,True,5242
US_5y,-55.73061682572697,0.0,True,5242
US_10y,-54.214739600381186,0.0,True,5242
