dataset,n_cols,stationary_cols,share_stationary
levels,6,0,0.0
h1,6,6,1.0
h5,6,6,1.0
h21,6,1,0.16666666666666666
h21_d2,6,6,1.0
h63,6,1,0.16666666666666666
h63_d2,6,6,1.0
h252,6,1,0.16666666666666666
h252_d2,6,6,1.0
