,statistic,pvalue,stationary,n_obs
US_3m,-16.322824502879964,3.1154375232284156e-29,True,5258
US_6m,-8.062203645742924,1.63159750514568e-12,True,5273
US_1y,-5.02422265325499,1.9869451849770567e-05,True,5273
US_3y,-6.793742520269971,2.329176915543115e-09,True,5273
US_5y,-6.450836881033916,1.524958138066077e-08,True,5273
US_10y,-6.732209650883636,3.274314387078135e-09,True,5273
