,statistic,pvalue,stationary,n_obs
US_3m,-38.511954743533906,0.0,True,5568
US_6m,-31.17952143947253,0.0,True,5584
US_1y,-26.063244586469686,0.0,True,5584
US_3y,-28.0716021656982,0.0,True,5584
US_5y,-28.100929115855955,0.0,True,5584
US_10y,-28.295741262878533,0.0,True,5584
