,statistic,pvalue,stationary,n_obs
US_3m,-57.29303039660371,0.0,True,5320
US_6m,-59.722582752879774,0.0,True,5335
US_1y,-58.32527526684548,0.0,True,5335
US_3y,-56.13585166247383,0.0,True,5335
US_5y,-56.6702875085875,0.0,True,5335
US_10y,-55.42124050282253,0.0,True,5335
