,statistic,pvalue,stationary,n_obs
US_3m,-0.5063199245924913,0.8907772938239358,False,5595
US_6m,-0.19520376451317728,0.9390909063906254,False,5595
US_1y,-0.3904560725316985,0.9116801175004274,False,5595
US_3y,-1.0037946158894495,0.7518777873346592,False,5595
US_5y,-1.3928429414810857,0.5857024519704415,False,5595
US_10y,-1.7533324545330105,0.4038643708066476,False,5595
