,statistic,pvalue,stationary,n_obs
US_3m,-71.15064619957991,0.0,True,5053
US_6m,-70.33661304759408,0.0,True,5053
US_1y,-60.204697631387006,0.0,True,5053
US_3y,-52.57804054315243,0.0,True,5053
US_5y,-55.153108415429664,0.0,True,5053
US_10y,-56.527237062017676,0.0,True,5053
